{"count":1,"self":52.038799999999995,"total":52.2531949,"children":{"InitializeActuators":{"count":11,"self":0.0009994,"total":0.0009994,"children":null},"InitializeSensors":{"count":11,"self":0.0015486999999999999,"total":0.0015486999999999999,"children":null},"AgentSendState":{"count":2604,"self":0.0184713,"total":0.0234742,"children":{"CollectObservations":{"count":503,"self":0,"total":0,"children":null},"WriteActionMask":{"count":503,"self":0.0020012999999999997,"total":0.0020012999999999997,"children":null},"RequestDecision":{"count":503,"self":0.0030015999999999997,"total":0.0030015999999999997,"children":null}}},"DecideAction":{"count":2604,"self":0.1761412,"total":0.1761412,"children":null},"AgentAct":{"count":2604,"self":0.0101955,"total":0.0101955,"children":null}},"gauges":{},"metadata":{"timer_format_version":"0.1.0","start_time_seconds":"1744604110","unity_version":"6000.0.36f1","command_line_arguments":"D:\\Unity\\Project\\AI_Project 2025-02-03_22-28-54\\AI_Project\\Builds\\AI_Project.exe","communication_protocol_version":"1.5.0","com.unity.ml-agents_version":"3.0.0","scene_name":"MainMenu","end_time_seconds":"1744604162"}}